excluded,
porn
sex
news
/download
.download
download.
/collection
/author
/tag
/calendar
/profile
doc.
help.
/help
/forum
/sitemaps
/faq
/categor
/list
/contest
/director
director.
/download
.download
.gov
.edu
dev/
support.
/support
/archives
archives.
/am/
/ar/
/eu/
/bn/
/en-GB/
/pt-BR/
/bg/
/ca/
/chr/
/hr/
/cs/
/da/
/nl/
/en/
/et/
/fil/
/fi/
/fr/
/de/
/el/
/gu/
/iw/
/hi/
/hu/
/is/
/id/
/it/
/ja/
/kn/
/ko/
/lv/
/lt/
/ms/
/ml/
/mr/
/no/
/pl/
/pt-PT/
/ro/
/ru/
/sr/
/zh-CN/
/sk/
/sl/
/es/
/sw/
/sv/
/ta/
/te/
/th/
/zh-TW/
/tr/
/ur/
/uk/
/vi/
/cy/
/tag
/category
/page
/wp
/author
/am
/ar
/eu
/bn
/en-GB
/pt-BR
/bg
/ca
/chr
/hr
/cs
/da
/nl
/en
/et
/fil
/fi
/fr
/de
/el
/gu
/iw
/hi
/hu
/is
/id
/it
/ja
/kn
/ko
/lv
/lt
/ms
/ml
/mr
/no
/pl
/pt-PT
/ro
/ru
/sr
/zh-CN
/sk
/sl
/es
/sw
/sv
/ta
/te
/th
/zh-TW
/tr
/ur
/uk
/vi
/cy
youtube
instagram
twitter
youtube
facebook
threads
google
bing
yahoo
yandex
tiktok
slack
microsoft
cisco
gitlab
github
youtu
coca-cola
canon
graphql
mailto
comment
wordpress
about-us
javascript:
medium.
contact-us
linkedin
github
gitlab
#respond
forbes
amazon
docker
reddit
whatsapp
viber
goo.gl
alibaba
