outgoing,ingoing,time,added
https://github.com/tailwindlabs/tailwindcss/releases/tag/v0.1.0,https://www.hallme.com/blog/protect-and-update-your-sites-user-data-for-the-new-year/,0:01:35,smartslider3.com
https://www.klaviyo.com/blog/sms-marketing-strategies,https://www.hallme.com/blog/laravel-environment-variables-symfony/,0:01:35,crosspeaksoftware.com
https://www.w3.org/TR/WCAG20/,https://www.hallme.com/blog/how-to-communicate-clearly-when-sharing-designs-and-demos/,0:01:35,crackstation.net
https://www.google.com/chrome/canary/,https://www.hallme.com/blog/2022/11/,0:01:35,pa11y.org
https://web.dev/vitals/,https://www.hallme.com/blog/2023/08/,0:01:35,yummly.com
https://support.google.com/accounts/answer/32040?hl=en,https://www.hallme.com/blog/how-to-create-content-for-your-marketing-funnel-that-converts/,0:01:35,
https://github.com/dropbox/zxcvbn,https://www.hallme.com/blog/halls-favorite-apps-and-websites-of-2022/,0:01:35,
https://trends.google.com/trends/?geo=US,https://www.hallme.com/blog/choosing-the-best-css-framework-for-your-site-bootstrap-vs-tailwind-css/,0:01:35,
https://xkcd.com/936/,https://www.hallme.com/blog/2023/02/,0:01:35,
https://www.youtube.com/watch?v=b4b8ktEV4Bg,https://www.hallme.com/blog/2022/06/,0:01:35,
https://1password.com/,https://www.hallme.com/blog/how-to-define-functions-in-javascript/,0:01:35,
https://www.php.net/manual/en/function.array-is-list.php,https://www.hallme.com/blog/diagnose-your-sites-core-web-vitals-with-lighthouse/,0:01:35,
https://smartslider3.com/,https://www.hallme.com/blog/2023/03/,0:01:35,
https://make.wordpress.org/core/2018/05/03/wordpress-4-9-6-beta/,https://www.hallme.com/blog/2022/09/,0:01:35,
https://support.google.com/tagmanager/answer/6107056?hl=en,https://www.hallme.com/blog/level-up-your-ppc-marketing-strategy-with-ab-testing/,0:01:35,
https://www.php.net/manual/en/migration81.new-features.php#migration81.new-features.core.never-type,https://www.hallme.com/blog/4-common-seo-misconceptions-to-avoid/,0:01:35,
https://wordpress.org/support/article/users-your-profile-screen/#users-%e2%86%92-your-profile,https://www.hallme.com/blog/2022/07/,0:01:35,
https://xkpasswd.net/s/,https://www.hallme.com/blog/easily-automate-and-schedule-routine-tasks-with-cron/,0:01:35,
https://www.php.net/manual/en/migration81.new-features.php#migration81.new-features.core.octal-literal-prefix,https://www.hallme.com/blog/revolutionizing-responsive-design-with-css-container-queries/,0:01:35,
https://support.google.com/analytics/answer/9304153#add-tag,https://www.hallme.com/blog/password-security/,0:01:35,
https://web.dev/measure/,https://www.hallme.com/uploads/5791245232_5f5517822a_b.jpg,0:01:35,
https://github.com/spatie/enum,https://www.hallme.com/blog/2021/12/,0:01:35,
https://www.w3schools.com/js/js_es6.asp,https://www.hallme.com/blog/2022/10/,0:01:35,
https://www.youtube.com/watch?v=M7kEpw1tn50,https://www.hallme.com/blog/2021/11/,0:01:35,
https://www.statista.com/statistics/456500/daily-number-of-e-mails-worldwide/,https://www.hallme.com/blog/optimize-css-with-the-is-pseudo-class-selector/,0:01:35,
https://bitwarden.com/,https://www.hallme.com/blog/discover-the-benefits-of-the-upcoming-css-has-selector/,0:01:35,
https://support.google.com/analytics/answer/9304153,https://www.hallme.com/blog/2022/04/,0:01:35,
https://www.php.net/releases/8.1/,https://www.hallme.com/blog/hook-readers-with-these-6-tips-for-writing-headlines/,0:01:35,
https://support.google.com/analytics/answer/9304153#cms,https://www.hallme.com/blog/increase-sales-by-adding-automated-text-messages-to-your-sms-marketing-strategy/,0:01:35,
https://www.ada.gov/resources/web-guidance/,https://www.hallme.com/blog/2022/08/,0:01:35,
https://www.php.net/manual/en/function.fdatasync.php,https://www.hallme.com/blog/how-to-generate-and-manage-strong-passwords/,0:01:35,
https://chrome.google.com/webstore/detail/lighthouse/blipmdconlkpinefehnmjammfjpmpbjk?hl=en,https://www.hallme.com/blog/how-strong-is-your-password/,0:01:35,
https://www.crosspeaksoftware.com/?utm_source=hallme&utm_medium=banner&utm_campaign=blog_sidebar&utm_content=accomplish_more,https://www.hallme.com/blog/secure-your-site-and-detect-hackers-with-a-user-access-audit/,0:01:35,
https://github.com/laravel/framework/issues/44278,https://www.hallme.com/blog/2022/03/,0:01:35,
https://wordpress.org/support/article/roles-and-capabilities/#subscriber,https://www.hallme.com/blog/2023/01/,0:01:35,
https://wave.webaim.org/,https://www.hallme.com/blog/2022/02/,0:01:35,
https://beta.ada.gov/web-guidance/,https://www.hallme.com/blog/2023/05/,0:01:35,
https://developers.google.com/search/docs/beginner/seo-starter-guide,https://www.hallme.com/blog/factors-to-consider-when-choosing-an-ecommerce-solution/,0:01:35,
https://keepass.info/,https://www.hallme.com/blog/2022/12/,0:01:35,
https://www.php.net/manual/en/migration81.new-features.php#migration81.new-features.core.callable-syntax,https://www.hallme.com/blog/2021/09/,0:01:35,
https://wordpress.org/support/article/tools-erase-personal-data-screen/,https://www.hallme.com/blog/2023/06/,0:01:35,
https://crackstation.net/hashing-security.htm,https://www.hallme.com/blog/why-your-online-business-needs-an-accessibility-statement/,0:01:35,
http://en.wikipedia.org/wiki/Rainbow_table,https://www.hallme.com/blog/boost-revenue-and-increase-traffic-with-these-seasonal-seo-tips/,0:01:35,
https://www.starbucks.com/rewards/mobile-apps/,https://www.hallme.com/,0:01:35,
https://dl.dropboxusercontent.com/u/209/zxcvbn/test/index.html,https://www.hallme.com/blog/2023/09/,0:01:35,
https://www.php.net/manual/en/language.enumerations.php,https://www.hallme.com/blog/marketing-technology-predictions-for-2023/,0:01:35,
https://growth.design/case-studies,https://www.hallme.com/blog/2022/01/,0:01:35,
https://imgs.xkcd.com/comics/password_strength.png,https://www.hallme.com/blog/how-to-optimize-your-ppc-ads-for-voice-search/,0:01:35,
https://wordpress.org/support/article/administration-screens/#users-your-blogging-family,https://www.hallme.com/blog/get-your-website-tracking-in-ga4-today/,0:01:35,
https://nodejs.org,https://www.hallme.com/blog/2021/10/,0:01:35,
https://www.pingidentity.com/en/company/ping-newsroom/press-releases/2021/survey-password-alternatives.html,https://www.hallme.com/blog/personalized-marketing-emails-tips-to-increase-engagement/,0:01:35,
https://www.justice.gov/opa/pr/justice-department-issues-web-accessibility-guidance-under-americans-disabilities-act,https://www.hallme.com/blog/marketing-technology-predictions-for-2022/,0:01:35,
https://wiki.php.net/rfc/fsync_function,https://www.hallme.com/blog/2022/05/,0:01:35,
https://crontab.guru/,https://www.hallme.com/blog/boost-holiday-sales-with-woocommerce-promotional-offers/,0:01:35,
https://en.wikipedia.org/wiki/Green_threads,https://www.hallme.com/blog/php-81-has-been-released-see-whats-new/,0:01:35,
https://wordpress.org/support/article/users-screen/,https://www.hallme.com/blog/drive-holiday-sales-with-these-6-advanced-ppc-hacks/,0:01:35,
https://support.google.com/analytics/answer/10089681,https://www.hallme.com/blog/writing-site-content-that-demonstrates-e-e-a-t/,0:01:35,
https://woocommerce.com/document/free-shipping/,https://www.hallme.com/blog/2023/07/,0:01:35,
http://en.wikipedia.org/wiki/SHA-3,https://www.hallme.com/blog/how-to-automate-website-accessibility-testing/,0:01:35,
https://wordpress.org/support/article/roles-and-capabilities/,https://www.hallme.com/blog/increase-sales-and-drive-more-conversions-with-remarketing-ads/,0:01:35,
http://en.wikipedia.org/wiki/Cryptographic_hash_function,,0:01:35,
https://caniuse.com/?search=%3Ais(),,0:01:35,
https://libbyapp.com/,,0:01:35,
https://tailwindcss.com/docs/functions-and-directives#apply,,0:01:35,
https://wordpress.org/support/article/tools-export-personal-data-screen/,,0:01:35,
https://analytics.google.com/analytics/web/,,0:01:35,
https://feeds2.feedburner.com/SEOVision,,0:01:35,
https://support.google.com/analytics/answer/7201382,,0:01:35,
https://wordpress.org/support/article/settings-general-screen/#membership,,0:01:35,
https://support.mozilla.org/en-US/kb/use-primary-password-protect-stored-logins,,0:01:35,
http://en.wikipedia.org/wiki/Salt_(cryptography),,0:01:35,
https://www.apple.com/home-app/,,0:01:35,
https://support.google.com/analytics/answer/9744165#zippy=%2Cin-this-article,,0:01:35,
https://symfony.com/doc/current/components/process.html,,0:01:35,
https://github.com/pa11y/pa11y-ci,,0:01:35,
https://github.com/pa11y/pa11y-dashboard,,0:01:35,
https://lastpass.com/,,0:01:35,
https://support.google.com/analytics/answer/9271392,,0:01:35,
https://getbootstrap.com/,,0:01:35,
https://www.w3.org/WAI/standards-guidelines/wcag/,,0:01:35,
https://tailwindcss.com/,,0:01:35,
https://webkit.org/blog/12156/release-notes-for-safari-technology-preview-137/,,0:01:35,
https://www.php.net/archive/2021.php#2021-11-25-1,,0:01:35,
https://www.section508.gov/,,0:01:35,
https://www.php.net/manual/en/function.fsync.php,,0:01:35,
https://developers.google.com/speed/pagespeed/insights/,,0:01:35,
https://wiki.php.net/rfc/pure-intersection-types,,0:01:35,
https://wiki.php.net/rfc/readonly_properties_v2,,0:01:35,
https://www.deque.com/axe/,,0:01:35,
http://en.wikipedia.org/wiki/Social_engineering_(security),,0:01:35,
https://lowe.github.io/tryzxcvbn/,,0:01:35,
https://wordpress.org/news/2013/10/basie/,,0:01:35,
https://pa11y.org/,,0:01:35,
http://en.wikipedia.org/wiki/RIPEMD,,0:01:35,
http://en.wikipedia.org/wiki/SHA-2,,0:01:35,
https://justgetflux.com/,,0:01:35,
https://www.w3.org/TR/WCAG21/,,0:01:35,
https://www.w3.org/WAI/planning/statements/generator/#create,,0:01:35,
https://support.google.com/tagmanager/answer/9442095,,0:01:35,
https://wiki.php.net/rfc/fibers,,0:01:35,
https://support.google.com/analytics/answer/10089681?hl=en,,0:01:35,
https://static.googleusercontent.com/media/guidelines.raterhub.com/en//searchqualityevaluatorguidelines.pdf,,0:01:35,
https://github.com/pa11y/pa11y-webservice,,0:01:35,
https://developer.mozilla.org/en-US/docs/Web/CSS/:has,,0:01:35,
https://www.thinkwithgoogle.com/marketing-strategies/search/voice-search-mobile-use-statistics/,,0:01:35,
https://wordpress.org/support/article/users-add-new-screen/,,0:01:35,
https://www.marcopolo.me/,,0:01:35,
https://support.google.com/analytics/answer/9333790?hl=en,,0:01:35,
https://woocommerce.wordpress.com/2016/01/18/say-hello-to-woocommerce-2-5-dashing-dolphin/,,0:01:35,
https://search.google.com/search-console/about,,0:01:35,
https://www.yummly.com/,,0:01:35,
https://developer.mozilla.org/en-US/docs/Learn/Common_questions/Common_web_layouts,,0:01:35,
