urls,linked_in
digitalmarketinginstitute.com,
leadpages.net,
withgoogle.com,
digiday.com,
ooogenerator.com,
gtsdirect.com,
yotpo.com,
dezeen.com,
kaffa.am,
everyaction.com,
smartproxy.com,
choicescreening.com,
openai.com,
pandadoc.com,
wydethemes.com,
stemtutoringottawa.com,
sfchronicle.com,
sfgate.com,
outgrow.co,
testmagic.com,
organicvalley.coop,
goodreads.com,
diva-portal.org,
bizzyweb.com,
my.site.com,
thinkwithgoogle.com,
generalassemb.ly,
fee.org,
biz2credit.com,
businesswire.com,
timeular.com,
thechatbot.net,
websitebuilderexpert.com,
politico.com,
thehustledaily.show,
farrow-ball.com,
businessinsider.com,
zillow.com,
psychologytoday.com,
nomadglobal.com,
unstudio.com,
invespcro.com,
economicimpact.google,
themesinfo.com,
theplaylist.net,
repustate.com,
youtube.com,
skillshare.com,
edelman.com,
cloudinary.com,
talkwalker.com,
elevenlabs.io,
accuknox.com,
dick-moby.com,
google.com,
firstsiteguide.com,
drinkpoppi.com,
emplifi.io,
browse.ai,
adobe.com,
feedly.com,
workato.com,
centiment.io,
harvard.edu,
suzy.com,
co.uk,
lacroixwater.com,
grow.google,
deputy.com,
lexalytics.com,
facebook.com,
weebly.com,
relokia.com,
teamtreehouse.com,
uboraadvisory.com,
squarespace.com,
surveyanyplace.com,
egghead.io,
theclimategroup.org,
webnode.com,
surveymonkey.com,
cloudfront.net,
tryfirstdraft.com,
exceed.ai,
unboxedtechnology.com,
java.com,
billofrightsinstitute.org,
hootsuite.com,
britannica.com,
gq.com,
zerobounce.net,
shekudo.com,
mageplaza.com,
impactpricing.com,
clover.com,
wp-cli.org,
birdeye.com,
atlas1031.com,
coursera.org,
gainsight.com,
bls.gov,
simplychocolate.dk,
verywellmind.com,
com.au,
twitter.com,
angrybirds.com,
women-ahead.org,
trustpilot.com,
carrollwoodflorist.com,
theinformation.com,
businesswireindia.com,
theatlantic.com,
crazyegg.com,
whitehouse.gov,
productfaculty.com,
quandarycg.com,
fonolo.com,
wordstream.com,
grammarly.com,
techcrunch.com,
keap.com,
ucraft.com,
pewresearch.org,
ftc.gov,
sixticks.com,
sixads.net,
thedrum.com,
makeshift.ca,
yola.com,
fpcj.jp,
survicate.com,
sparkbox.com,
jobstars.com,
coschedule.com,
gogo-studio.com,
sephora.com,
prevailboxing.com,
emailanalytics.com,
constantcontact.com,
vitamix.com,
scientificamerican.com,
pwc.com,
weclock.it,
evoquedcs.com,
sfdcstatic.com,
clevelandclinic.org,
brandwatch.com,
ycombinator.com,
wga.org,
bestcolleges.com,
t.co,
bobak.studio,
wikipedia.org,
helpscout.com,
wp-rocket.me,
odoo.com,
prweb.com,
meta.com,
nintendo.com,
rankmath.com,
goodles.com,
shrm.org,
questionpro.com,
remini.ai,
prosperityforamerica.org,
purplefire.io,
analyticsinsight.net,
gratefulgnomads.com,
medicalnewstoday.com,
denamico.com,
asana.com,
allbirds.com,
databox.com,
newoldstamp.com,
arxiv.org,
internetlivestats.com,
impulsecreative.com,
bizbash.com,
wpastra.com,
lepuzz.com,
maxg.ai,
wisestamp.com,
amazon.com,
npr.org,
nngroup.com,
cousinsmainelobster.com,
moodynolan.com,
makhnostudio.com,
cloudflare.com,
online-code-editor.com,
aha.io,
cbinsights.com,
foundersnetwork.com,
tcpsoftware.com,
drop.com,
simplilearn.com,
auganix.org,
awesomecoffee.com,
pixelgrade.com,
grandviewresearch.com,
americanexpress.com,
iapp.org,
theconversation.com,
pipelineops.com,
hostgator.com,
achievers.com,
calcalistech.com,
thealibiinteriors.com,
plansponsor.com,
hyundai.news,
brand24.com,
ft.com,
strikingly.com,
deepmind.com,
levity.ai,
canva.com,
apollotechnical.com,
stanford.edu,
mpi.org,
google.com.pk,
danielsoper.com,
invisionapp.com,
yahoo.com,
rubymoney.us,
yoast.com,
wikimedia.org,
blackbaud.com,
superoffice.com,
humanity.com,
the-refinery.io,
people.com,
wpengine.com,
formpl.us,
condenast.ru,
swiftype.com,
rhythmfoods.com,
liquidweb.com,
upguard.com,
wizardondemand.com,
wpp.com,
wbur.org,
front.com,
undivided.io,
beaconstac.com,
com.ph,
techtarget.com,
serverobotics.com,
tune.com,
workforceinstitute.org,
vendr.com,
oxylabs.io,
webtoffee.com,
guardcardeducation.com,
wishpond.com,
sebastian-gawelowicz.medium.com,
qodeinteractive.com,
latimes.com,
fearofgod.com,
getresponse.com,
expandedramblings.com,
neilpatel.com,
join.me,
inboundlabs.co,
prose.com,
godaddy.com,
cnbctv18.com,
carrd.co,
scaler.com,
techstars.com,
mozilla.org,
mylearnlab.com,
clickfunnels.com,
wpenginepowered.com,
pinterest.com,
lendingtree.com,
wpbeginner.com,
credibly.com,
astridbaumgardner.com,
zoho.com,
githubusercontent.com,
workforce.com,
imdb.com,
upskillwise.com,
sba.gov,
respondent.io,
target.com,
razorfish.com,
snapchat.com,
campaignmonitor.com,
thevab.com,
mckinsey.com,
northone.com,
lifewire.com,
ac.uk,
medium.com,
templatelab.com,
askattest.com,
steelspaceconcepts.com,
basecamp.com,
conranandpartners.com,
lovebilly.com,
canny.io,
melula.com,
amplitude.com,
asq.org,
snarkitecture.com,
wonolo.com,
stealthseminar.com,
vogue.com,
befunky.com,
dreamhost.com,
lens.google,
udemy.com,
buzzsumo.com,
weforum.org,
bluehost.com,
streetbeat.com,
nike.com,
getsling.com,
com.vn,
productplan.com,
cardonskin.com,
hover.com,
blog.google,
apa.org,
syracuse.edu,
wsj.com,
trello.com,
regmovies.com,
fortune.com,
aircall.io,
hubspot.net,
digitalinspiration.com,
indeed.com,
appealie.com,
uxdesign.cc,
sagepub.com,
monkeylearn.com,
openviewpartners.com,
delighted.com,
cssigniter.com,
infracloud.io,
sentisum.com,
seedprod.com,
todoist.com,
signalworksarchitecture.com,
timeout.com,
businessmodelanalyst.com,
marvelapp.com,
toasttab.com,
brainstation.io,
castordoc.com,
sonymusic.com,
teikametrics.com,
kibbelfinancialplanning.com,
amandamartocchio.com,
top10vpn.com,
goodhire.com,
semrush.com,
kennypayero.com,
pymnts.com,
python.org,
kartra.com,
mla-architecture.co.uk,
criticalmention.com,
reuters.com,
adamenfroy.com,
codecademy.com,
biworldwide.com,
rosette.com,
the-qrcode-generator.com,
verticallybuilt.com,
systeme.io,
paoloazarraga.com,
birchbox.com,
yogainternational.com,
wiz.io,
eagerdrinks.com,
proprofs.com,
gallup.com,
oceanwp.org,
chatbotslife.com,
workwithcovalent.com,
learnobots.com,
handybackup.net,
jessicamaguire.com,
kallyas.net,
tripadvisor.com,
integrate.io,
liveabout.com,
artbees.net,
themeforest.net,
wordpress.org,
akumina.com,
microsoft.com,
udacity.com,
sopro.io,
insightsquared.com,
senate.gov,
airhelp.com,
nukwami.net,
futurism.com,
iide.co,
bookshop.org,
sentione.com,
janeanderson-demo.carrd.co,
webpagetest.org,
imforza.com,
fastcompany.com,
newrelic.com,
elegantthemes.com,
obama.org,
bodyconfidentsport.com,
lucidchart.com,
qordoba.com,
surveysparrow.com,
demandsage.com,
stackoverflow.blog,
elementor.com,
ioflood.com,
coarchitects.com,
wundermanthompson.com,
unitedsodas.com,
adevolver.com,
knock.app,
soilboy.sg,
santacruzbicycles.com,
mysurveylab.com,
gtmetrix.com,
thedirect.com,
artemsemkin.com,
arcgis.com,
kinsta.com,
alison.com,
startquestion.com,
prnewswire.com,
crocs.com,
businessofbusiness.com,
ondeck.com,
glossier.com,
archmotorcycle.com,
nav.com,
linkedin.com,
copyblogger.com,
dollopcoffee.com,
planday.com,
weidert.com,
teamsupport.com,
siteground.com,
businessdebtlawgroup.com,
bl.uk,
typeform.com,
equinox.com,
musicbiz.org,
disneyplus.com,
duda.co,
wp.com,
apple.com,
partnerscoffee.com,
dessign.net,
startupbootcamp.org,
uptrends.com,
va.gov,
forbes.com,
metalutopia.com,
bgr.com,
social-searcher.com,
chtbl.com,
litmus.com,
dearlucy.co,
zippia.com,
cx-trends-report-2022.zendesk.com,
unbounce.com,
googleadservices.com,
77plasticsurgery.com,
sematext.com,
ugmonk.com,
scrapehero.com,
walmart.com,
allwomen.tech,
crunchbase.com,
fiverr.com,
blog.youtube,
vivecollective.com,
theviaagency.com,
salsalabs.com,
revou.co,
mangoapps.com,
business.site,
cnbc.com,
skynova.com,
equifax.com,
zendesk.com,
digital22.com,
wordpress.com,
measuremindsgroup.com,
thegymwrap.com,
greengeeks.com,
w3techs.com,
chatspot.ai,
securityintelligence.com,
virginatlantic.com,
nuskoolsnacks.com,
learntobe.org,
clbthemes.com,
grazianimultimedia.com,
websitedemos.net,
versium.com,
thehowinstitute.org,
pingdom.com,
dollarshaveclub.com,
admixglobal.com,
we-eatse.be,
lendingclub.com,
omnicoreagency.com,
startupbonsai.com,
coveo.com,
tailwindapp.com,
flyfin.tax,
thecrimson.com,
allvuesystems.com,
renault.com,
ahrefs.com,
careerfoundry.com,
instagram.com,
nosto.com,
mdpi.com,
joinhomebase.com,
reputation.com,
scribd.com,
trendhunter.com,
magento.com,
shopcuup.com,
domo.com,
appypie.com,
dareboost.com,
sendcheckit.com,
brandaffair.ro,
gwi.com,
payscale.com,
themeisle.com,
openbom.com,
honest.com,
convertkit.com,
kaywa.com,
yummygum.com,
heritage.org,
salesforce.com,
meltwater.com,
monday.com,
com.ar,
gitnux.com,
devanswers.co,
swnsdigital.com,
monster.com,
homesciencetools.com,
skio.com,
customergauge.com,
joomla.org,
instapage.com,
azureedge.net,
fullstackacademy.com,
sinch.com,
feigenbaumfoundation.org,
blissworld.com,
usaa.com,
ecommercedb.com,
b2architecture.eu,
returnpath.com,
thrivemyway.com,
bankofamerica.com,
theacsi.org,
restaurantbusinessonline.com,
infinityfree.net,
nicereply.com,
reclaimhosting.com,
salecycle.com,
shoptwentyseven.com,
guider-ai.com,
datareportal.com,
grow.com,
productthinking.cc,
bohemiantraders.com,
creativemarket.com,
ecommercebytes.com,
impactplus.com,
kahoot.com,
deloitte.com,
bespokecomputing.com,
accelerateyourmarketing.com,
towardsdatascience.com,
toggl.com,
inverse.com,
analyticsindiamag.com,
creatio.com,
sitesaga.com,
malwarebytes.com,
wpzoom.com,
lightspeedhq.com,
businessnewsdaily.com,
nice.com,
susangreenecopywriter.com,
ford.com,
happy-cork.com,
jotform.com,
tielabs.com,
axios.com,
stackoverflow.com,
luckyorange.com,
adespresso.com,
financesonline.com,
emergetech.com,
donorsnap.com,
tasteswoon.com,
thenuff.com,
centime.com,
katyperry.com,
lunolife.com,
nih.gov,
webmd.com,
joblens.ai,
jasper.ai,
aofund.org,
supernaturalkitchen.com,
stuff-n-matters.com,
cio-wiki.org,
fool.com,
stackadapt.com,
ziprecruiter.com,
baldrigefoundation.org,
ted.com,
gong.io,
square2marketing.com,
fruit.com,
avaa-architectes.fr,
ceeceesclosetnyc.com,
lipsum.com,
linguamatics.com,
dominos.com,
stress.org,
bentley.edu,
cnn.com,
business.com,
uxmatters.com,
shutterstock.com,
vulture.com,
searchengineland.com,
calm.com,
tutorialspoint.com,
wklondon.com,
jonessoda.com,
thelittlemarket.com,
bloomberg.com,
invideo.io,
similarweb.com,
wbresearch.com,
glassdoor.com,
drinkminna.com,
copypress.com,
globalworkplaceanalytics.com,
boomi.com,
novacustomlabelprinting.com,
stability.ai,
technologyreview.com,
theescapegame.com,
chicagobooth.edu,
wheniwork.com,
foodinstitute.com,
qr-code-generator.com,
whitebirdjewellery.com,
a2hosting.com,
newscientist.com,
mateonewyork.com,
hostinger.com,
kindful.com,
wix.com,
electricpcs.com,
justreachout.io,
creativecommons.org,
500.co,
janegoodall.org,
fda.gov,
bloomerang.co,
blackgirlsunscreen.com,
chewy.com,
wilson.com,
jetblue.com,
outschool.com,
datapad.io,
youtu.be,
mopinion.com,
thecrabbyshack.com,
onlim.com,
sprocketrocket.co,
mindtools.com,
onmsft.com,
aigo.ai,
childrens.pennstatehealth.org,
document360.io,
spotify.com,
khanacademy.org,
solidpartners.com,
uplers.com,
thoughtleadersystems.com,
unymira.com,
nomado.eu,
waspbarcode.com,
keela.co,
ey.com,
nlm.nih.gov,
toms.com,
en-americas-support.nintendo.com,
vipkid.com,
nicolekirbycoaching.com,
supermetrics.com,
tiktok.com,
hotjar.com,
zoomshift.com,
growthmentor.com,
justice.gov,
scirp.org,
waymark.com,
hubspotusercontent00.net,
salesnetwork.org,
seranking.com,
hcmtechnologyreport.com,
yellowhousearchitects.com,
yeti.com,
drinkvisp.com,
atlasobscura.com,
yourgreenpal.com,
feedtheagency.com,
workweek.com,
qrcodegeneratorhub.com,
sleeknote.com,
capterra.com,
racefxb2b.com,
exceedlms.com,
inmotionhosting.com,
theguardian.com,
moschino.com,
callrail.com,
alitu.com,
fundthrough.com,
marketingaiinstitute.com,
rawnarch.com,
edx.org,
ing.com,
dominican.edu,
marketveep.com,
wpwhitesecurity.com,
accenture.com,
dyson.com,
gnb-architects.com,
nasp.com,
coredna.com,
csarchportfolio.com,
wpmudev.org,
htmlescape.net,
zenogroup.com,
molamil.com,
rareconnections.io,
gartner.com,
nativo.com,
tomsguide.com,
plecto.com,
omsom.com,
whiskyloot.com,
clear.bank,
qualaroo.com,
jimdo.com,
awaytravel.com,
freeformatter.com,
investopedia.com,
bluevine.com,
g2crowd.com,
propertyshark.com,
frontlineselling.com,
generatepress.com,
project.co,
productschool.com,
archive.org,
southwest.com,
mybillie.com,
paycor.com,
thepodcasthost.com,
kajabi.com,
netflix.com,
chicandtonic.com,
donorperfect.com,
makewebbetter.com,
live.com,
luminovo.ai,
gearlaunch.com,
vonage.com,
givebutter.com,
fitsmallbusiness.com,
quintly.com,
studiopress.com,
edited.com,
zappos.com,
userinterviews.com,
crossrope.com,
office.com,
resumegenius.com,
squareup.com,
whatsapp.com,
timingapp.com,
subaru.com,
producthall.com,
bando.com,
zashadu.com,
foodtruckpromotions.com,
fedsmallbusiness.org,
nichd.nih.gov,
vice.com,
themewinter.com,
thehalogroup.com,
neoncrm.com,
vrscout.com,
woocommerce.com,
expertmarket.com,
insiderintelligence.com,
buypeel.com,
increditools.com,
swagmagic.com,
geekflare.com,
site24x7.com,
reliablesoft.net,
notion.so,
eeoc.gov,
bbc.com,
snackpass.co,
sneakershouts.com,
birdseye.com,
themezaa.com,
pendo.io,
reallygoodemails.com,
formidableforms.com,
intangent.com,
tower28beauty.com,
socialmediatoday.com,
kore.ai,
improvado.io,
nativeadvertisinginstitute.com,
appcues.com,
freecodecamp.org,
acrolinx.com,
moneyzine.com,
jonggausa.com,
reportlinker.com,
productgym.io,
github.com,
seventhgeneration.com,
kissmetrics.com,
hubspotusercontent20.net,
qrstuff.com,
nytimes.com,
workgrid.com,
itsmodernmillie.com,
perkinswill.com,
pollfish.com,
codecondo.com,
qrcode-monkey.com,
tintup.com,
mentionlytics.com,
shopmoment.com,
virtuous.org,
olsonkundig.com,
mobedigital.com,
ulta.com,
briansnotes.io,
axisbank.com,
peoplemetrics.com,
retail-support.lightspeedhq.com,
productmanagementexercises.com,
ibm.com,
paperform.co,
sendinblue.com,
clickup.com,
scottbrady91.com,
qualtrics.com,
ticketmaster.com,
wade-design.com,
plusthis.com,
daily-harvest.com,
totaralearning.com,
thedecisionlab.com,
visme.co,
idiomatic.com,
haomaearth.com,
ranktracker.com,
hulu.com,
wpsites.net,
casper.com,
socialnative.com,
xant.ai,
reddit.com,
retaildive.com,
weblium.com,
web.dev,
theverge.com,
statista.com,
yesinsights.com,
technavio.com,
martechtoday.com,
wave.video,
rug.nl,
emarketer.com,
scheduleanywhere.com,
robertgurneyarchitect.com,
brandonkeao.com,
today.com,
shleps.com,
appsflyer.com,
mixpanel.com,
frontapp.com,
greatives.eu,
peerspace.com,
navyhaircare.com,
deadline.com,
teamstage.io,
calmatters.org,
foundationinc.co,
truenorth.io,
inc.com,
emtrain.com,
adweek.com,
yokellocal.com,
cpapracticeadvisor.com,
activecampaign.com,
freshdesk.com,
envato.com,
nexusitgroup.com,
36bydesign.com,
codepen.io,
intercom.com,
ncbi.nlm.nih.gov,
eureka-learning.co.uk,
phrasee.co,
shopify.com,
fundera.com,
findstack.com,
meetrecord.com,
googleblog.com,
wrike.com,
foyer.work,
vuforia.com,
dyspatch.io,
rnbtheme.com,
ergomania.eu,
thecpd.group,
nealschaffer.com,
hubspotusercontent30.net,
chaodentalstudio.com,
techjury.net,
nerdwallet.com,
theharrispoll.com,
ringcentral.com,
navyfederal.org,
achieve3000.com,
andersnoren.se,
loveleighloops.com,
goqr.me,
rzrfs.com,
doteshopping.com,
marketsandmarkets.com,
twilio.com,
mindnode.com,
buzzfeed.com,
re-flekt.com,
businessoffashion.com,
researchgate.net,
tagdiv.com,
federalreserve.gov,
revelnail.com,
begindot.com,
etsy.com,
article.com,
softlist.io,
salsify.com,
g2.com,
giantfocal.com,
sas.com,
geekwire.com,
instrumentl.com,
walden.us,
publix.com,
visualead.com,
eposnow.com,
icann.org,
sproutsocial.com,
media.io,
hcamag.com,
hbr.org,
insightscpa.ca,
niceincontact.com,
mygreatlearning.com,
mulesoft.com,
deming.org,
bk.com,
oberlo.com,
akidsbookabout.com,
tooltester.com,
muffingroup.com,
advsol.com,
mystrikingly.com,
seopressor.com,
rightinbox.com,
vidiq.com,
apnews.com,
spearpointonline.com,
smallbizclub.com,
iq-mag.net,
universalorlando.com,
hbs.edu,
intuit.com,
choosingtherapy.com,
smallgirlspr.com,
servicenow.com,
hiverhq.com,
effectiviology.com,
qz.com,
virtuouscrm.com,
theseventhsense.com,
redfin.com,
upcontent.com,
pixellot.tv,
pointerpro.com,
explodingtopics.com,
zoom.us,
washingtonpost.com,
drift.com,
cision.com,
helpsite.com,
who.int,
aampstudio.com,
bloomberglaw.com,
ayearofreadingtheworld.com,
persado.com,
michigan.gov,
pixpa.com,
loopexdigital.com,
jitterbit.com,
eventsbyinbloom.com,
dradamperlman.com,
princetonreview.com,
membrain.com,
comicbook.com,
moz.com,
hellotars.com,
talentculture.com,
neonone.com,
coursereport.com,
fivd.io,
buffer.com,
centiment.co,
aurummm.com,
rouje.com,
fujifilm.com,
com.my,
brenebrown.com,
designhandarchitects.com,
slickplan.com,
growsurf.com,
10web.io,
thewaltdisneycompany.com,
landing.ai,
kadencewp.com,
facebookblueprint.com,
nuclio.school,
orangemarketing.com,
conversocial.com,
atlassian.com,
efqm.org,
zapier.com,
pbs.org,
newsweek.com,
guidecx.com,
